<?xml version="1.0" encoding="utf-8"?>
<prefix name="photo" label="Photo" language_tag="en" language_label="English"><key name="accepted_filesize"><value>Maximum file size</value></key><key name="accepted_filesize_desc"><value>The photo cannot be uploaded if the size limit is exceeded. The possible limit is &lt;b&gt;&lt;i&gt;0.5&lt;/i&gt;&lt;/b&gt; Mb</value></key><key name="activity_string"><value>&lt;a href="{$userUrl}"&gt;{$user}&lt;/a&gt; uploaded new &lt;a href="{$url}"&gt;photo&lt;/a&gt;.</value></key><key name="activity_string_multiple"><value>&lt;a href="{$userUrl}"&gt;{$user}&lt;/a&gt; added {$count} photos to &lt;a href="{$albumUrl}"&gt;{$albumName}&lt;/a&gt; album</value></key><key name="add_description"><value>Add description</value></key><key name="add_new"><value>Add new</value></key><key name="add_tags"><value>Add tags</value></key><key name="admin_config"><value>Photo - Plugin Settings</value></key><key name="admin_menu_general"><value>General</value></key><key name="advanced_upload"><value>Advanced upload</value></key><key name="advanced_upload_add_more"><value>ADD MORE</value></key><key name="advanced_upload_browse"><value>ADD PHOTOS</value></key><key name="advanced_upload_complete"><value>COMPLETE</value></key><key name="advanced_upload_confirm"><value>ARE YOU SURE YOU WISH TO UPLOAD?</value></key><key name="advanced_upload_desc"><value>Enable advanced Adobe Flash uploader to let users choose any number of files, resize, rotate photos before upload</value></key><key name="advanced_upload_processing"><value>PROCESSING</value></key><key name="advanced_upload_upload"><value>UPLOAD</value></key><key name="advanced_upload_uploading"><value>UPLOADING</value></key><key name="album"><value>Album</value></key><key name="albums_by"><value>albums by</value></key><key name="album_by"><value>Album by</value></key><key name="album_deleted"><value>Album deleted</value></key><key name="album_delete_not_allowed"><value>You are not allowed to delete photo albums</value></key><key name="album_desc"><value>Choose existing album or create a new one</value></key><key name="album_quota"><value>Maximum number of photos per album</value></key><key name="album_quota_desc"><value>Keep this number reasonably big</value></key><key name="album_updated"><value>updated</value></key><key name="auth_action_label_add_comment"><value>Comment photo</value></key><key name="auth_action_label_delete_comment_by_content_owner"><value>The content owner can delete comments</value></key><key name="auth_action_label_upload"><value>Upload photo</value></key><key name="auth_action_label_view"><value>View photo</value></key><key name="auth_group_label"><value>Photo</value></key><key name="auth_upload_permissions"><value>You are not allowed to upload photo</value></key><key name="auth_view_permissions"><value>You cannot view the page content due to limited permissions</value></key><key name="btn_edit"><value>Save</value></key><key name="btn_upload"><value>Upload</value></key><key name="cmp_widget_photo_albums_count"><value>The number of Photo Albums</value></key><key name="cmp_widget_photo_albums_show_titles"><value>Show Photo Albums' titles</value></key><key name="cmp_widget_photo_count"><value>Number of photos to show</value></key><key name="comments_count"><value>comments</value></key><key name="comment_activity_string"><value>&lt;a href="{$commentorUrl}"&gt;{$commentor}&lt;/a&gt; commented on &lt;a href="{$ownerUrl}"&gt;{$owner}&lt;/a&gt;'s &lt;a href="{$url}"&gt;photo&lt;/a&gt;</value></key><key name="confirm_delete"><value>Are you sure you want to delete this photo?</value></key><key name="confirm_delete_album"><value>Are you sure you want to delete this photo album?</value></key><key name="confirm_delete_photos"><value>Are you sure you want to remove ALL user photos?</value></key><key name="delete_album"><value>Delete Album</value></key><key name="delete_content"><value>Delete content and uninstall plugin</value></key><key name="delete_content_desc"><value>Before uninstalling photo plugin we have to remove all existing user photo content. This may take awhile. That is why we will put the site to "maintenance mode" and activate it back upon completing the uninstall.</value></key><key name="delete_content_warning"><value>Warning</value></key><key name="delete_fullsize_confirm"><value>Are you sure you want to delete full-size photos?</value></key><key name="delete_fullsize_photos"><value>Delete full-size photos ({$count})</value></key><key name="describe_photo"><value>Describe this photo</value></key><key name="describe_photos"><value>Describe your photos</value></key><key name="description"><value>Description</value></key><key name="description_desc"><value>Add short description about these photos</value></key><key name="edit_album"><value>Edit Album</value></key><key name="email_notifications_comment"><value>&lt;a href="{$userUrl}"&gt;{$userName}&lt;/a&gt; commented your &lt;a href="{$photoUrl}"&gt;photo&lt;/a&gt;</value></key><key name="email_notifications_section_label"><value>Photo</value></key><key name="email_notifications_setting_comment"><value>Someone comments on my photo</value></key><key name="enable_advanced_upload"><value>Enable advanced upload</value></key><key name="feed_activity_photo_string"><value>commented on {$user}'s photo</value></key><key name="feed_activity_photo_string_like"><value>liked {$user}'s photo</value></key><key name="feed_content_label"><value>Photo</value></key><key name="feed_goto_album_label"><value>View "{$album}" album</value></key><key name="feed_more_items"><value>and {$moreCount} more</value></key><key name="feed_multiple_descriptions"><value>uploaded {$number} new photos to &lt;a href="{$albumUrl}"&gt;{$albumName}&lt;/a&gt; album</value></key><key name="file_size_validation_error"><value>Value is incorrect or greater than server limit</value></key><key name="flags"><value>Photo</value></key><key name="fullsize_resolution"><value>Fullsize limit</value></key><key name="fullsize_resolution_desc"><value>All photos larger than this size (X or Y) will be resized down to this limit for storage.</value></key><key name="main_size"><value>Main image size</value></key><key name="main_size_desc"><value>The photo size to display on page</value></key><key name="mark_featured"><value>Mark as Featured</value></key><key name="menu_featured"><value>Featured</value></key><key name="menu_latest"><value>Latest</value></key><key name="menu_tagged"><value>Browse by tags</value></key><key name="menu_toprated"><value>Top Rated</value></key><key name="meta_description_photo_featured"><value>Featured photos uploaded by members of {$site_name}.</value></key><key name="meta_description_photo_latest"><value>Recently uploaded photos by members of {$site_name}.</value></key><key name="meta_description_photo_tagged"><value>Browse photos by tags: {$topTags}, and others.</value></key><key name="meta_description_photo_tagged_as"><value>View photos tagged as '{$tag}'.</value></key><key name="meta_description_photo_toprated"><value>Most highly rated photos uploaded by members of {$site_name}.</value></key><key name="meta_description_photo_useralbum"><value>{$number} photos by {$displayName}.</value></key><key name="meta_description_photo_useralbums"><value>Photo albums by {$displayName} - {$albums}, and others.</value></key><key name="meta_description_photo_view"><value>{$title} - photo tagged as {$tags}.</value></key><key name="meta_title_photo_featured"><value>Featured photos - {$site_name}</value></key><key name="meta_title_photo_latest"><value>Latest photos - {$site_name}</value></key><key name="meta_title_photo_tagged"><value>Browse photos by tags - {$site_name}</value></key><key name="meta_title_photo_tagged_as"><value>'{$tag}' photos - {$site_name}</value></key><key name="meta_title_photo_toprated"><value>Top rated photos - {$site_name}</value></key><key name="meta_title_photo_upload"><value>Upload photos - {$site_name}</value></key><key name="meta_title_photo_useralbum"><value>{$albumName} (photo album by {$displayName}) - {$site_name}</value></key><key name="meta_title_photo_useralbums"><value>{$displayName}'s photo albums - {$site_name}</value></key><key name="meta_title_photo_view"><value>{$title} - photo at {$site_name}</value></key><key name="my_albums"><value>My Albums</value></key><key name="next"><value>Next photo</value></key><key name="not_all_photos_uploaded"><value>Some photos were not uploaded because of excessive size or wrong format</value></key><key name="no_album_found"><value>No albums</value></key><key name="no_photo"><value>No photo</value></key><key name="no_photo_found"><value>No photo found</value></key><key name="no_photo_selected"><value>No photo selected</value></key><key name="no_photo_uploaded"><value>No photos were uploaded because of excessive size or wrong format</value></key><key name="of"><value>of</value></key><key name="page_title_browse_photos"><value>Browse Photos</value></key><key name="page_title_uninstall"><value>Uninstall photo plugin</value></key><key name="page_title_user_albums"><value>{$user}'s photo albums</value></key><key name="per_page"><value>Photos per page</value></key><key name="per_page_desc"><value>Browsing lists of photos and photo albums</value></key><key name="photo"><value>Photo</value></key><key name="photos_deleted"><value>Photos deleted</value></key><key name="photos_in_album"><value>{$total} photos</value></key><key name="photos_uploaded"><value>{$count} photos uploaded</value></key><key name="photo_added"><value>Added</value></key><key name="photo_album_updated"><value>Photo album saved</value></key><key name="photo_deleted"><value>Photo deleted</value></key><key name="photo_index"><value>Photo</value></key><key name="photo_list_widget"><value>Photos</value></key><key name="photo_not_deleted"><value>Photo NOT deleted</value></key><key name="photo_updated"><value>Photo updated</value></key><key name="photo_upload_error"><value>Photo upload error</value></key><key name="pic_number"><value>Pic #{$number}</value></key><key name="plugin_set_for_uninstall"><value>Photo plugin uninstall initiated.</value></key><key name="preview_size"><value>Preview image size</value></key><key name="preview_size_desc"><value>The photo size to display on page</value></key><key name="previous"><value>Previous photo</value></key><key name="privacy_action_view_album"><value>View my photo albums</value></key><key name="quotas"><value>Limits</value></key><key name="quota_exceeded"><value>You have exceeded the limit of {$limit} photos</value></key><key name="recently_uploaded"><value>Recently uploaded photos</value></key><key name="remove_from_featured"><value>Remove from Featured</value></key><key name="settings_updated"><value>Settings updated</value></key><key name="simple_upload"><value>Simple upload</value></key><key name="size_limit"><value>Photo file size cannot be greater than &lt;b&gt;{$size}&lt;/b&gt;Mb</value></key><key name="status_changed"><value>Photo status changed</value></key><key name="store_full_size"><value>Show and store full-size photos</value></key><key name="tags"><value>Tags</value></key><key name="tags_desc"><value>Comma-separated</value></key><key name="tag_search"><value>Tag search</value></key><key name="tag_search_result"><value>Tag search result for:</value></key><key name="tb_edit_photo"><value>Edit photo</value></key><key name="total_albums"><value>{$total} albums total</value></key><key name="uninstall_inprogress"><value>In progress</value></key><key name="uninstall_inprogress_desc"><value>Please wait while all photo content is being removed. This make take awhile depending on the number of photos on your site.</value></key><key name="upload"><value>Upload</value></key><key name="upload_ini_value"><value>(Server limit: {$value})</value></key><key name="upload_photos"><value>Upload photos</value></key><key name="upload_settings"><value>Upload Settings</value></key><key name="usercredits_action_add_comment"><value>Comment photo</value></key><key name="usercredits_action_add_photo"><value>Add photo</value></key><key name="user_photo_albums_widget"><value>Photo Albums</value></key><key name="user_quota"><value>Maximum number of photos for user</value></key><key name="user_quota_desc"><value>Keep this number reasonably big</value></key><key name="view_fullsize"><value>View full-size</value></key><key name="view_settings"><value>View Settings</value></key><key name="view_user_albums"><value>View all user albums</value></key></prefix>
